Nombre,Posicion,Equipo,Estado,% Titular,% Jugado,Forma Jugado,Promedio Picas,Promedio Sofas,Promedio Media,Total Puntos Medias,Forma Puntos Medias,Valor [En miles],Comparativo
Sergio Herrera,PT,Osasuna,Disponible,100%,100%,2,2.0,4.5,3.5,7.0,7.0,3080.0,1.136
David García,DF,Osasuna,Disponible,100%,100%,2,4.0,5.0,5.0,10.0,10.0,5250.0,0.952
Juan Cruz,DF,Osasuna,Disponible,100%,100%,2,4.0,4.5,4.5,9.0,9.0,1270.0,3.543
Rubén Peña,DF,Osasuna,Disponible en observación,100%,100%,2,6.0,6.0,6.5,13.0,13.0,2690.0,2.416
Unai García,DF,Osasuna,Disponible,100%,100%,2,4.0,5.5,5.0,10.0,10.0,1520.0,3.289
Aimar Oroz,MC,Osasuna,Disponible en observación,100%,100%,2,9.5,6.0,8.0,16.0,16.0,3410.0,2.346
Kike Barja,MC,Osasuna,Disponible,50%,50%,1,2.0,-1.0,1.0,1.0,1.0,480.0,2.083
Moi Gómez,MC,Osasuna,Disponible,100%,100%,2,8.0,6.0,7.0,14.0,14.0,4780.0,1.464
Moncayola,MC,Osasuna,Disponible,100%,100%,2,2.0,4.0,3.5,7.0,7.0,3820.0,0.916
Torró,MC,Osasuna,Disponible,100%,100%,2,6.0,4.0,5.0,10.0,10.0,3220.0,1.553
Chimy Ávila,DL,Osasuna,Disponible,100%,100%,2,9.0,9.0,9.0,18.0,18.0,7590.0,1.186
Nacho Vidal,DF,Osasuna,Disponible,0%,100%,2,2.0,2.0,2.0,4.0,4.0,2100.0,0.952
Brasanac,MC,Osasuna,Disponible,0%,100%,2,2.0,4.0,3.0,6.0,6.0,1140.0,2.632
Manu Sánchez,DF,Osasuna,Disponible,0%,50%,1,2.0,3.0,3.0,3.0,3.0,1380.0,2.174
Pablo Ibáñez,MC,Osasuna,Disponible,0%,50%,1,2.0,3.0,3.0,3.0,3.0,160.0,18.75
Kike García,DL,Osasuna,Disponible,0%,100%,2,5.5,7.5,6.5,13.0,13.0,2190.0,2.968
Bono,PT,Sevilla,Disponible,100%,100%,2,4.0,2.5,3.5,7.0,7.0,4780.0,0.732
Acuña,DF,Sevilla,Disponible,100%,100%,2,3.0,6.0,4.5,9.0,9.0,3860.0,1.166
Jesús Navas,DF,Sevilla,Disponible,50%,50%,1,2.0,1.0,2.0,2.0,2.0,2590.0,0.772
Rekik,DF,Sevilla,Lesionado,100%,100%,2,6.5,6.5,7.0,14.0,14.0,2290.0,3.057
Fernando,MC,Sevilla,Disponible,100%,100%,2,2.0,5.5,4.0,8.0,8.0,4380.0,0.913
Gudelj,MC,Sevilla,Disponible,50%,50%,1,-2.0,4.0,1.0,1.0,1.0,270.0,3.704
Papu Gómez,MC,Sevilla,Disponible,100%,100%,2,4.0,6.0,5.5,11.0,11.0,4850.0,1.134
Tecatito,MC,Sevilla,Lesionado,50%,50%,1,-2.0,2.0,0.0,0.0,0.0,2530.0,0.0
Thomas Delaney,MC,Sevilla,Disponible,50%,50%,1,2.0,5.0,4.0,4.0,4.0,1030.0,3.883
Rafa Mir,DL,Sevilla,Disponible,100%,100%,2,3.5,4.0,4.0,8.0,8.0,4010.0,0.998
Erik Lamela,MC,Sevilla,Disponible,50%,100%,2,2.0,5.0,3.5,7.0,7.0,3160.0,1.108
En-Nesyri,DL,Sevilla,Disponible,0%,100%,2,2.0,2.5,2.5,5.0,5.0,3300.0,0.758
Alex Telles,DF,Sevilla,Disponible,0%,100%,2,2.0,2.0,2.5,5.0,5.0,2990.0,0.836
Rakitic,MC,Sevilla,Disponible,0%,100%,2,0.0,2.5,1.5,3.0,3.0,2380.0,0.63
Marchesín,PT,Celta,Disponible,100%,100%,2,2.0,0.0,1.0,2.0,2.0,2960.0,0.338
Aidoo,DF,Celta,Disponible,100%,100%,2,2.0,2.0,2.0,4.0,4.0,1630.0,1.227
Galán,DF,Celta,Disponible,100%,100%,2,6.0,3.0,4.5,9.0,9.0,5550.0,0.811
Hugo Mallo,DF,Celta,Disponible,100%,100%,2,4.0,2.0,3.0,6.0,6.0,2430.0,1.235
Unai Núñez,DF,Celta,Disponible,100%,100%,2,2.0,2.0,2.5,5.0,5.0,2450.0,1.02
Augusto Solari,MC,Celta,Disponible,50%,50%,1,2.0,4.0,3.0,3.0,3.0,380.0,7.895
Fran Beltrán,MC,Celta,Disponible,100%,100%,2,4.0,3.0,3.5,7.0,7.0,3300.0,1.061
Óscar,MC,Celta,Disponible,100%,100%,2,2.0,4.5,3.5,7.0,7.0,3720.0,0.941
Franco Cervi,DL,Celta,Disponible,100%,100%,2,2.0,3.5,3.0,6.0,6.0,1900.0,1.579
Gonçalo Paciência,DL,Celta,Lesionado,100%,100%,2,7.5,6.0,7.0,14.0,14.0,3920.0,1.786
Iago Aspas,DL,Celta,Disponible,100%,100%,2,11.0,10.0,11.0,22.0,22.0,16150.0,0.681
Tapia,MC,Celta,Disponible,50%,100%,2,2.0,3.0,2.5,5.0,5.0,1320.0,1.894
Carles Pérez,DL,Celta,Disponible,0%,100%,2,0.0,2.0,1.5,3.0,3.0,2690.0,0.558
Mingueza,DF,Celta,Disponible,0%,50%,1,-2.0,-6.0,-4.0,-4.0,-4.0,1080.0,-3.704
Lecomte,PT,Espanyol,Disponible,100%,100%,2,0.0,0.5,0.5,1.0,1.0,2220.0,0.225
Brian Olivan,DF,Espanyol,Disponible,100%,100%,2,2.0,4.0,3.0,6.0,6.0,1500.0,2.0
Cabrera,DF,Espanyol,Disponible,100%,100%,2,0.0,5.0,3.0,6.0,6.0,2570.0,1.167
Calero,DF,Espanyol,Disponible,50%,100%,2,0.0,3.0,1.5,3.0,3.0,640.0,2.344
Óscar Gil,DF,Espanyol,Disponible,100%,100%,2,2.0,0.5,1.5,3.0,3.0,1280.0,1.172
Sergi Gómez,DF,Espanyol,Disponible,100%,100%,2,-3.0,-1.0,-1.5,-3.0,-3.0,880.0,-1.705
Darder,MC,Espanyol,Disponible,100%,100%,2,4.0,5.0,4.5,9.0,9.0,5670.0,0.794
Nicolás Melamed,MC,Espanyol,Disponible,100%,100%,2,4.0,2.5,3.5,7.0,7.0,1570.0,2.229
Vinicius Souza,MC,Espanyol,Disponible,100%,100%,2,4.0,4.5,4.5,9.0,9.0,2790.0,1.613
Joselu,DL,Espanyol,Disponible,100%,100%,2,5.5,7.5,7.0,14.0,14.0,9370.0,0.747
Edu Expósito,MC,Espanyol,Disponible,100%,100%,2,6.0,8.5,7.5,15.0,15.0,3840.0,1.953
Asenjo,PT,Real Valladolid,Disponible,100%,100%,2,0.0,-0.5,0.0,0.0,0.0,2350.0,0.0
El Yamiq,DF,Real Valladolid,Disponible,100%,100%,2,-1.0,5.5,2.5,5.0,5.0,1380.0,1.812
Escudero,DF,Real Valladolid,Disponible,100%,100%,2,0.0,2.0,1.5,3.0,3.0,1450.0,1.034
Joaquín Fernández,DF,Real Valladolid,Disponible,50%,100%,2,0.0,1.5,1.0,2.0,2.0,1200.0,0.833
Luis Pérez,DF,Real Valladolid,Disponible,100%,100%,2,4.0,2.5,3.5,7.0,7.0,1550.0,2.258
Álvaro Aguado,MC,Real Valladolid,Disponible,100%,100%,2,4.0,4.5,4.5,9.0,9.0,2320.0,1.94
Monchu,MC,Real Valladolid,Disponible,50%,100%,2,2.0,3.0,2.5,5.0,5.0,1040.0,2.404
Roque Mesa,MC,Real Valladolid,Disponible,100%,100%,2,2.0,2.5,2.5,5.0,5.0,2370.0,1.055
Gonzalo Plata,DL,Real Valladolid,Disponible en observación,50%,50%,1,2.0,2.0,2.0,2.0,2.0,2260.0,0.885
Sergio León,DL,Real Valladolid,Disponible,50%,100%,2,2.0,3.5,3.0,6.0,6.0,1090.0,2.752
Iván Sánchez,MC,Real Valladolid,Disponible,50%,100%,2,4.0,5.0,4.5,9.0,9.0,1880.0,2.394
Kike Perez,MC,Real Valladolid,Disponible,50%,100%,2,4.0,4.5,4.5,9.0,9.0,990.0,4.545
Óscar Plano,MC,Real Valladolid,Disponible,0%,100%,2,2.0,2.5,2.5,5.0,5.0,1280.0,1.953
Olaza,DF,Real Valladolid,Disponible,0%,100%,2,2.0,1.5,2.0,4.0,4.0,790.0,2.532
Rulli,PT,Villarreal,Disponible,100%,100%,2,10.0,11.0,10.5,21.0,21.0,5120.0,2.051
Albiol,DF,Villarreal,Disponible,100%,100%,2,6.0,5.5,6.0,12.0,12.0,4460.0,1.345
Foyth,DF,Villarreal,Lesionado,100%,100%,2,8.0,6.5,7.5,15.0,15.0,3990.0,1.88
Pau Torres,DF,Villarreal,Disponible,100%,100%,2,6.0,5.0,6.0,12.0,12.0,7040.0,0.852
Pedraza,DF,Villarreal,Disponible,100%,100%,2,4.0,6.0,5.0,10.0,10.0,3860.0,1.295
Coquelin,MC,Villarreal,Disponible,50%,100%,2,2.0,4.0,3.0,6.0,6.0,2010.0,1.493
Étienne Capoue,MC,Villarreal,Disponible,100%,100%,2,4.0,4.5,4.5,9.0,9.0,4510.0,0.998
Parejo,MC,Villarreal,Disponible,100%,100%,2,4.0,9.0,6.5,13.0,13.0,9760.0,0.666
Gerard Moreno,DL,Villarreal,Disponible,100%,100%,2,7.5,4.5,6.5,13.0,13.0,13920.0,0.467
Nicolas Jackson,DL,Villarreal,Disponible,100%,100%,2,7.5,6.0,7.0,14.0,14.0,3800.0,1.842
Yéremi Pino,DL,Villarreal,Disponible,100%,100%,2,7.5,7.0,7.5,15.0,15.0,5790.0,1.295
Álex Baena,MC,Villarreal,Disponible,0%,100%,2,10.0,11.5,11.0,22.0,22.0,3810.0,2.887
Chukwueze,MC,Villarreal,Disponible,0%,100%,2,2.0,4.0,3.5,7.0,7.0,3130.0,1.118
Morales,DL,Villarreal,Disponible,0%,100%,2,2.0,2.0,2.0,4.0,4.0,5370.0,0.372
Mandi,DF,Villarreal,Disponible,0%,50%,1,0.0,2.0,1.0,1.0,1.0,280.0,3.571
Ter Stegen,PT,Barcelona,Disponible,100%,100%,2,10.0,7.0,9.0,18.0,18.0,6980.0,1.289
Christensen,DF,Barcelona,Disponible,100%,100%,2,2.0,5.0,3.5,7.0,7.0,2740.0,1.277
Eric García,DF,Barcelona,Disponible,100%,100%,2,2.0,5.0,4.0,8.0,8.0,2500.0,1.6
Jordi Alba,DF,Barcelona,Disponible,50%,100%,2,0.0,2.5,1.5,3.0,3.0,3700.0,0.405
Ronald Araújo,DF,Barcelona,Disponible,100%,100%,2,2.0,3.5,3.0,6.0,6.0,7530.0,0.398
Busquets,MC,Barcelona,Disponible,50%,50%,1,-1.0,5.0,2.0,2.0,2.0,5350.0,0.374
Gavi,MC,Barcelona,Disponible,100%,100%,2,2.0,3.5,3.0,6.0,6.0,8000.0,0.375
Pedri,MC,Barcelona,Disponible,100%,100%,2,6.0,7.0,7.0,14.0,14.0,13880.0,0.504
Dembélé,DL,Barcelona,Disponible,100%,100%,2,5.5,7.5,7.0,14.0,14.0,13600.0,0.515
Lewandowski,DL,Barcelona,Disponible,100%,100%,2,9.0,12.0,10.5,21.0,21.0,20340.0,0.516
Raphinha,DL,Barcelona,Disponible,50%,100%,2,6.0,5.0,5.5,11.0,11.0,11250.0,0.489
Sergi Roberto,DF,Barcelona,Disponible,0%,100%,2,-1.0,3.0,1.0,2.0,2.0,890.0,1.124
Frenkie De Jong,MC,Barcelona,Disponible,50%,100%,2,2.0,5.5,4.0,8.0,8.0,3660.0,1.093
Ansu Fati,DL,Barcelona,Disponible,0%,100%,2,9.5,10.0,10.0,20.0,20.0,12870.0,0.777
Kessie,MC,Barcelona,Disponible,0%,100%,2,1.0,2.0,1.5,3.0,3.0,3040.0,0.493
Dimitrievski,PT,Rayo Vallecano,Disponible,100%,100%,2,8.0,8.0,8.5,17.0,17.0,3800.0,2.237
Catena,DF,Rayo Vallecano,Disponible,100%,100%,2,8.0,5.5,7.0,14.0,14.0,4500.0,1.556
Fran García,DF,Rayo Vallecano,Disponible,100%,100%,2,6.0,4.0,5.5,11.0,11.0,4370.0,1.259
Iván Balliu,DF,Rayo Vallecano,Disponible,100%,100%,2,4.0,4.5,4.5,9.0,9.0,2870.0,1.568
Lejeune,DF,Rayo Vallecano,Disponible,100%,100%,2,0.5,-0.5,0.5,1.0,1.0,1560.0,0.321
Pathé Ciss,MC,Rayo Vallecano,Disponible,100%,100%,2,10.0,9.5,10.0,20.0,20.0,3710.0,2.695
Trejo,MC,Rayo Vallecano,Disponible,100%,100%,2,6.0,2.5,4.5,9.0,9.0,5670.0,0.794
Unai López,MC,Rayo Vallecano,Disponible,100%,100%,2,6.0,3.5,5.0,10.0,10.0,2020.0,2.475
Álvaro García,DL,Rayo Vallecano,Disponible en observación,100%,100%,2,6.0,4.5,5.5,11.0,11.0,7180.0,0.766
Isi Palazón,DL,Rayo Vallecano,Duda próximo partido,100%,100%,2,9.5,7.5,9.0,18.0,18.0,4960.0,1.815
Sergio Camello,DL,Rayo Vallecano,Disponible,100%,100%,2,4.0,2.0,3.0,6.0,6.0,1820.0,1.648
Óscar Valentín,MC,Rayo Vallecano,Disponible,0%,100%,2,4.0,3.5,4.0,8.0,8.0,2360.0,1.695
Falcao,DL,Rayo Vallecano,Disponible,0%,100%,2,4.0,1.5,3.0,6.0,6.0,2710.0,1.107
Salvi,MC,Rayo Vallecano,Disponible,0%,100%,2,1.0,3.0,2.0,4.0,4.0,870.0,2.299
José Pozo,MC,Rayo Vallecano,Disponible,0%,50%,1,0.0,4.0,2.0,2.0,2.0,170.0,11.765
Ledesma,PT,Cádiz CF,Disponible,100%,100%,2,6.0,5.0,5.5,11.0,11.0,4260.0,1.291
Chust,DF,Cádiz CF,Disponible,100%,100%,2,0.0,3.0,2.0,4.0,4.0,1240.0,1.613
Fali,DF,Cádiz CF,Disponible,100%,100%,2,2.0,4.5,3.5,7.0,7.0,1360.0,2.574
Luis Hernández,DF,Cádiz CF,Disponible,100%,100%,2,6.0,7.0,6.5,13.0,13.0,3180.0,2.044
Pacha Espino,DF,Cádiz CF,Disponible,100%,100%,2,2.0,2.0,2.5,5.0,5.0,3320.0,0.753
Santiago Arzamendia,DF,Cádiz CF,Disponible,100%,100%,2,2.0,3.5,3.0,6.0,6.0,350.0,8.571
Zaldua,DF,Cádiz CF,Disponible,100%,100%,2,2.0,3.0,2.5,5.0,5.0,1560.0,1.603
José Mari,MC,Cádiz CF,Disponible,50%,100%,2,0.0,2.0,1.5,3.0,3.0,440.0,3.409
Choco Lozano,DL,Cádiz CF,Disponible,100%,100%,2,0.0,2.0,1.0,2.0,2.0,1700.0,0.588
Lucas Pérez,DL,Cádiz CF,Disponible,100%,100%,2,0.0,2.0,1.5,3.0,3.0,2540.0,0.591
Awer Mabil,DL,Cádiz CF,Disponible,50%,100%,2,2.0,3.0,2.5,5.0,5.0,730.0,3.425
Iván Alejo,MC,Cádiz CF,Disponible,0%,100%,2,2.0,2.0,2.0,4.0,4.0,830.0,2.41
Tomás Alarcón,MC,Cádiz CF,Disponible,50%,100%,2,0.5,2.5,1.5,3.0,3.0,240.0,6.25
Negredo,DL,Cádiz CF,Disponible,0%,100%,2,2.0,2.5,2.5,5.0,5.0,1960.0,1.276
Remiro,PT,Real Sociedad,Disponible,100%,100%,2,4.0,2.5,3.5,7.0,7.0,4580.0,0.764
Diego Rico,DF,Real Sociedad,Lesionado,50%,50%,1,2.0,3.0,3.0,3.0,3.0,1630.0,1.84
Elustondo,DF,Real Sociedad,Disponible,100%,100%,2,4.0,3.0,3.5,7.0,7.0,3500.0,1.0
Le Normand,DF,Real Sociedad,Disponible,100%,100%,2,4.0,3.5,4.0,8.0,8.0,6290.0,0.636
Zubeldia,DF,Real Sociedad,Disponible,100%,100%,2,4.0,3.5,4.0,8.0,8.0,2560.0,1.562
Brais Méndez,MC,Real Sociedad,Disponible,100%,100%,2,6.0,3.5,5.0,10.0,10.0,6480.0,0.772
Kubo,MC,Real Sociedad,Disponible,100%,100%,2,10.0,6.0,8.5,17.0,17.0,5580.0,1.523
Mikel Merino,MC,Real Sociedad,Disponible,100%,100%,2,8.0,8.5,8.5,17.0,17.0,9150.0,0.929
Silva,MC,Real Sociedad,Disponible,100%,100%,2,6.0,5.0,5.5,11.0,11.0,6120.0,0.899
Zubimendi,MC,Real Sociedad,Disponible,100%,100%,2,2.0,3.0,2.5,5.0,5.0,3540.0,0.706
Barrenetxea,MC,Real Sociedad,Disponible,0%,50%,1,2.0,3.0,3.0,3.0,3.0,990.0,3.03
Illarramendi,MC,Real Sociedad,Disponible,0%,50%,1,2.0,3.0,3.0,3.0,3.0,870.0,3.448
Mohamed-Ali Cho,MC,Real Sociedad,Disponible,0%,100%,2,0.0,1.5,1.0,2.0,2.0,2980.0,0.336
Aihen Muñoz,DF,Real Sociedad,Disponible,50%,100%,2,3.0,0.5,2.0,4.0,4.0,950.0,2.105
Giorgi Mamardashvili,PT,Valencia,Disponible,100%,100%,2,2.0,3.5,3.0,6.0,6.0,3860.0,0.777
Diakhaby,DF,Valencia,Disponible,100%,100%,2,4.0,2.5,3.5,7.0,7.0,2020.0,1.733
Eray Cömert,DF,Valencia,Disponible,50%,50%,1,-4.0,1.0,-1.0,-1.0,-1.0,260.0,-3.846
Jesús Vázquez,DF,Valencia,Duda próximo partido,100%,100%,2,4.0,1.5,3.0,6.0,6.0,1180.0,2.542
Thierry Correia,DF,Valencia,Disponible,100%,100%,2,6.0,5.0,6.0,12.0,12.0,3190.0,1.881
Guillamón,MC,Valencia,Disponible,100%,100%,2,8.0,3.5,6.0,12.0,12.0,3700.0,1.622
Musah,MC,Valencia,Disponible,100%,100%,2,2.0,3.0,3.0,6.0,6.0,2220.0,1.351
Samu Castillejo,MC,Valencia,Disponible,100%,100%,2,4.0,3.5,4.0,8.0,8.0,5530.0,0.723
Hugo Duro,DL,Valencia,Lesionado,100%,100%,2,1.0,3.0,2.0,4.0,4.0,2620.0,0.763
Samuel Lino,DL,Valencia,Disponible,100%,100%,2,4.0,4.5,4.5,9.0,9.0,3810.0,1.181
Cristhian Mosquera,DF,Valencia,Disponible,0%,50%,1,2.0,4.0,3.0,3.0,3.0,220.0,13.636
Foulquier,DF,Valencia,Disponible,0%,100%,2,2.0,3.0,2.5,5.0,5.0,1160.0,2.155
Lato,DF,Valencia,Disponible,0%,100%,2,2.0,2.5,2.5,5.0,5.0,460.0,5.435
Nico González,MC,Valencia,Disponible,0%,100%,2,2.0,3.0,3.0,6.0,6.0,3430.0,0.875
Juan Carlos Martín,PT,Girona,Disponible,100%,100%,2,2.0,3.0,3.0,6.0,6.0,2870.0,1.045
Juanpe,DF,Girona,Disponible,100%,100%,2,2.0,3.5,3.0,6.0,6.0,1780.0,1.685
Santiago Bueno,DF,Girona,Disponible,100%,100%,2,4.0,6.5,5.5,11.0,11.0,2620.0,2.099
Yan Couto,DF,Girona,Disponible,100%,100%,2,4.0,3.0,3.5,7.0,7.0,1500.0,2.333
Aleix García,MC,Girona,Disponible,100%,100%,2,4.0,7.0,5.5,11.0,11.0,3420.0,1.608
David López,MC,Girona,Disponible,100%,100%,2,2.0,1.5,2.0,4.0,4.0,1460.0,1.37
Ramón Terrats,MC,Girona,Lesionado,50%,100%,2,1.0,2.0,2.0,4.0,4.0,450.0,4.444
Rodrigo Riquelme,MC,Girona,Disponible,100%,100%,2,8.0,3.5,6.0,12.0,12.0,3370.0,1.78
Samu Sáiz,MC,Girona,Disponible,50%,100%,2,2.0,2.0,2.5,5.0,5.0,1570.0,1.592
Valery,MC,Girona,Lesionado,50%,50%,1,-2.0,2.0,0.0,0.0,0.0,390.0,0.0
Taty Castellanos,DL,Girona,Disponible,100%,100%,2,7.5,6.5,7.0,14.0,14.0,5280.0,1.326
Miguel Gutiérrez,DF,Girona,Disponible,50%,100%,2,4.0,4.0,4.5,9.0,9.0,3190.0,1.411
Stuani,DL,Girona,Lesionado,50%,100%,2,7.5,5.5,7.0,14.0,14.0,6940.0,1.009
Yangel Herrera,MC,Girona,Lesionado,50%,100%,2,4.0,5.0,5.0,10.0,10.0,1640.0,3.049
Arnau Martínez,DF,Girona,Disponible,0%,50%,1,2.0,2.0,2.0,2.0,2.0,1630.0,1.227
Fernando Martinez,PT,Almería,Disponible,100%,100%,2,8.0,8.5,8.5,17.0,17.0,3720.0,2.285
Akieme,DF,Almería,Disponible,100%,100%,2,6.0,3.5,5.0,10.0,10.0,3080.0,1.623
Babic,DF,Almería,Disponible,100%,100%,2,4.0,3.0,4.0,8.0,8.0,2200.0,1.818
Chumi,DF,Almería,Disponible,50%,100%,2,1.0,3.5,2.5,5.0,5.0,600.0,4.167
Kaiky,DF,Almería,Disponible,100%,100%,2,8.0,4.5,6.5,13.0,13.0,2880.0,2.257
Rodrigo Ely,DF,Almería,Disponible,100%,100%,2,6.0,4.5,5.5,11.0,11.0,2890.0,1.903
Eguaras,MC,Almería,Duda próximo partido,100%,100%,2,8.0,6.5,7.5,15.0,15.0,2110.0,3.555
Lucas Robertone,MC,Almería,Disponible,100%,100%,2,4.0,5.5,5.0,10.0,10.0,3130.0,1.597
Samú Costa,MC,Almería,Disponible,100%,100%,2,2.0,4.5,3.5,7.0,7.0,2210.0,1.584
Largie Ramazani,DL,Almería,Disponible,100%,100%,2,7.5,7.5,8.0,16.0,16.0,5290.0,1.512
Dyego Sousa,DL,Almería,Disponible,0%,100%,2,1.0,2.0,1.5,3.0,3.0,310.0,4.839
Arnau Puigmal,MC,Almería,Disponible,50%,100%,2,1.0,1.5,1.5,3.0,3.0,160.0,9.375
Portillo,MC,Almería,Disponible,0%,100%,2,0.0,2.0,1.0,2.0,2.0,1010.0,0.99
Courtois,PT,Real Madrid,Disponible,100%,100%,2,4.0,4.5,4.5,9.0,9.0,9100.0,0.495
Mendy,DF,Real Madrid,Disponible,100%,100%,2,2.0,4.0,3.5,7.0,7.0,3640.0,0.962
Nacho,DF,Real Madrid,Disponible,50%,50%,1,6.0,4.0,5.0,5.0,5.0,1070.0,4.673
Rüdiger,DF,Real Madrid,Disponible,50%,100%,2,2.0,3.5,3.0,6.0,6.0,6000.0,0.5
Camavinga,MC,Real Madrid,Disponible,100%,100%,2,2.0,4.5,3.5,7.0,7.0,5420.0,0.646
Kroos,MC,Real Madrid,Disponible,50%,50%,1,6.0,9.0,8.0,8.0,8.0,8170.0,0.979
Lucas Vázquez,MC,Real Madrid,Disponible,50%,100%,2,5.0,8.0,7.0,14.0,14.0,2710.0,2.583
Tchouameni,MC,Real Madrid,Disponible,100%,100%,2,4.0,6.0,5.0,10.0,10.0,6950.0,0.719
Valverde,MC,Real Madrid,Disponible,100%,100%,2,6.0,10.0,8.0,16.0,16.0,8470.0,0.945
Benzema,DL,Real Madrid,Disponible,100%,100%,2,7.5,5.0,6.5,13.0,13.0,20860.0,0.312
Vinícius Jr,DL,Real Madrid,Disponible,100%,100%,2,11.5,11.0,11.5,23.0,23.0,18790.0,0.612
Modric,MC,Real Madrid,Disponible,50%,100%,2,10.0,10.5,10.5,21.0,21.0,11130.0,0.943
Hazard,DL,Real Madrid,Disponible,0%,100%,2,1.0,1.5,1.5,3.0,3.0,3250.0,0.462
David Alaba,DF,Real Madrid,Disponible,50%,100%,2,8.5,9.5,9.5,19.0,19.0,9280.0,1.024
Ceballos,MC,Real Madrid,Disponible,0%,100%,2,0.0,3.0,2.0,4.0,4.0,1470.0,1.361
Unai Simón,PT,Athletic,Disponible,100%,100%,2,4.0,5.5,5.0,10.0,10.0,4420.0,1.131
Dani Vivian,DF,Athletic,Disponible,100%,100%,2,4.0,4.5,4.5,9.0,9.0,3190.0,1.411
de Marcos,DF,Athletic,Disponible,100%,100%,2,0.0,7.0,4.0,8.0,8.0,2370.0,1.688
Yeray,DF,Athletic,Disponible,100%,100%,2,6.0,7.0,6.5,13.0,13.0,3900.0,1.667
Yuri,DF,Athletic,Duda próximo partido,100%,100%,2,4.0,7.0,5.5,11.0,11.0,3300.0,1.667
Berenguer,MC,Athletic,Disponible,100%,100%,2,8.0,7.5,8.0,16.0,16.0,5220.0,1.533
Muniain,MC,Athletic,Disponible,100%,100%,2,6.0,5.5,6.0,12.0,12.0,8350.0,0.719
Vesga,MC,Athletic,Disponible,100%,100%,2,4.0,6.0,5.5,11.0,11.0,2630.0,2.091
Sancet,DL,Athletic,Disponible,100%,100%,2,2.0,2.5,2.5,5.0,5.0,3000.0,0.833
Villalibre,DL,Athletic,Disponible,50%,50%,1,6.0,4.0,5.0,5.0,5.0,800.0,6.25
Williams,DL,Athletic,Duda próximo partido,100%,100%,2,2.0,4.0,3.5,7.0,7.0,5590.0,0.626
Oier Zarraga,MC,Athletic,Disponible,0%,100%,2,2.0,2.5,2.5,5.0,5.0,430.0,5.814
Raúl García,DL,Athletic,Disponible,0%,100%,2,2.0,3.5,3.0,6.0,6.0,1460.0,2.055
Guruzeta,DL,Athletic,Disponible,0%,50%,1,2.0,1.0,2.0,2.0,2.0,770.0,2.597
Nico Williams,DL,Athletic,Disponible,50%,100%,2,2.0,4.0,3.0,6.0,6.0,3560.0,0.843
Rajkovic,PT,Mallorca,Disponible,100%,100%,2,6.0,6.0,6.5,13.0,13.0,3430.0,1.895
Copete,DF,Mallorca,Disponible,100%,100%,2,4.0,4.5,4.5,9.0,9.0,1980.0,2.273
Jaume Costa,DF,Mallorca,Disponible,100%,100%,2,4.0,4.0,4.5,9.0,9.0,1870.0,2.406
Maffeo,DF,Mallorca,Disponible,100%,100%,2,4.0,4.5,4.5,9.0,9.0,3380.0,1.331
Martin Valjent,DF,Mallorca,Disponible,100%,100%,2,4.0,5.5,5.0,10.0,10.0,2770.0,1.805
Raíllo,DF,Mallorca,Disponible,100%,100%,2,4.0,4.0,4.5,9.0,9.0,2400.0,1.875
Battaglia,MC,Mallorca,Disponible,100%,100%,2,0.0,1.5,1.0,2.0,2.0,440.0,2.273
Clément Grenier,MC,Mallorca,Disponible,100%,100%,2,0.0,4.0,2.0,4.0,4.0,1240.0,1.613
Dani Rodríguez,MC,Mallorca,Disponible,100%,100%,2,2.0,2.0,2.0,4.0,4.0,2860.0,0.699
Kang-in Lee,MC,Mallorca,Disponible,100%,100%,2,6.0,7.5,7.0,14.0,14.0,3930.0,1.781
Vedat Muriqi,DL,Mallorca,Disponible,100%,100%,2,3.5,6.0,5.0,10.0,10.0,5760.0,0.868
Antonio Sánchez,MC,Mallorca,Disponible,0%,100%,2,2.0,1.5,2.0,4.0,4.0,340.0,5.882
Baba,MC,Mallorca,Lesionado,0%,100%,2,1.0,3.0,2.0,4.0,4.0,1840.0,1.087
Lago Junior,DL,Mallorca,Disponible,0%,100%,2,0.0,2.5,1.5,3.0,3.0,150.0,10.0
Abdón Prats,DL,Mallorca,Disponible,0%,100%,2,0.0,3.0,1.5,3.0,3.0,160.0,9.375
David Soria,PT,Getafe,Disponible,100%,100%,2,2.0,0.0,1.0,2.0,2.0,3220.0,0.311
Djené,DF,Getafe,Disponible,100%,100%,2,2.0,1.0,2.0,4.0,4.0,2670.0,0.749
Domingos Duarte,DF,Getafe,Disponible,100%,100%,2,0.0,3.0,1.5,3.0,3.0,2380.0,0.63
Fabricio Angileri,DF,Getafe,Disponible,100%,100%,2,-3.0,1.0,-0.5,-1.0,-1.0,1350.0,-0.37
Juan Iglesias,DF,Getafe,Disponible,100%,100%,2,4.0,4.5,4.5,9.0,9.0,1530.0,2.941
Stefan Mitrovic,DF,Getafe,Disponible,100%,100%,2,0.0,-0.5,0.0,0.0,0.0,810.0,0.0
Aleñá,MC,Getafe,Disponible,100%,100%,2,2.0,0.5,1.5,3.0,3.0,1540.0,0.974
Arambarri,MC,Getafe,Disponible,100%,100%,2,2.0,5.0,3.5,7.0,7.0,3800.0,0.921
Maksimovic,MC,Getafe,Disponible,100%,100%,2,0.0,2.5,1.5,3.0,3.0,2090.0,0.718
Enes Ünal,DL,Getafe,Disponible,100%,100%,2,5.5,7.5,6.5,13.0,13.0,6400.0,1.016
Mayoral,DL,Getafe,Disponible,100%,100%,2,2.0,-0.5,1.0,2.0,2.0,3450.0,0.29
Portu,DL,Getafe,Disponible,0%,100%,2,4.0,1.5,3.0,6.0,6.0,3620.0,0.829
Seoane,MC,Getafe,Disponible,0%,100%,2,2.0,2.5,2.5,5.0,5.0,2140.0,1.168
Mata,DL,Getafe,Disponible,0%,50%,1,0.0,2.0,1.0,1.0,1.0,220.0,4.545
Oblak,PT,Atlético,Disponible,100%,100%,2,4.0,4.0,4.5,9.0,9.0,5790.0,0.777
Nahuel Molina,DF,Atlético,Disponible,100%,100%,2,-1.0,2.5,1.0,2.0,2.0,3170.0,0.315
Reinildo Mandava,DF,Atlético,Disponible,100%,100%,2,6.0,4.5,5.5,11.0,11.0,5010.0,1.098
Savic,DF,Atlético,Lesionado,100%,100%,2,2.0,5.5,4.0,8.0,8.0,2710.0,1.476
Axel Witsel,MC,Atlético,Disponible,100%,100%,2,6.0,4.0,5.0,10.0,10.0,5720.0,0.874
Koke,MC,Atlético,Disponible,100%,100%,2,0.0,5.0,2.5,5.0,5.0,3560.0,0.702
Lemar,MC,Atlético,Lesionado,100%,100%,2,0.0,4.0,2.0,4.0,4.0,3330.0,0.601
Llorente,MC,Atlético,Disponible,100%,100%,2,0.0,3.5,2.0,4.0,4.0,4820.0,0.415
Saúl,MC,Atlético,Disponible,50%,50%,1,6.0,5.0,6.0,6.0,6.0,2040.0,2.941
João Félix,DL,Atlético,Disponible,100%,100%,2,6.0,9.0,8.0,16.0,16.0,11230.0,0.712
Morata,DL,Atlético,Disponible,100%,100%,2,9.0,12.0,11.0,22.0,22.0,8350.0,1.317
Carrasco,MC,Atlético,Disponible,50%,100%,2,2.0,4.0,3.5,7.0,7.0,5850.0,0.598
Rodrigo de Paul,MC,Atlético,Disponible,0%,100%,2,2.0,4.0,3.0,6.0,6.0,3150.0,0.952
Griezmann,DL,Atlético,Disponible,0%,100%,2,5.5,8.0,7.0,14.0,14.0,6790.0,1.031
Ángel Correa,DL,Atlético,Disponible,0%,100%,2,1.0,3.0,2.0,4.0,4.0,3450.0,0.58
Matheus Cunha,DL,Atlético,Lesionado,0%,100%,2,1.0,1.5,1.5,3.0,3.0,2510.0,0.598
Rui Silva,PT,Betis,Disponible,100%,100%,2,4.0,7.5,6.0,12.0,12.0,3730.0,1.609
Álex Moreno,DF,Betis,Disponible,100%,100%,2,4.0,3.5,4.0,8.0,8.0,5090.0,0.786
Edgar González,DF,Betis,Disponible,100%,100%,2,4.0,5.0,4.5,9.0,9.0,2560.0,1.758
Pezzella,DF,Betis,Disponible,100%,100%,2,4.0,7.5,6.0,12.0,12.0,2280.0,2.632
Carvalho,MC,Betis,Lesionado,100%,100%,2,4.0,6.0,5.5,11.0,11.0,4240.0,1.297
Fekir,MC,Betis,Disponible,100%,100%,2,8.0,6.0,7.5,15.0,15.0,12270.0,0.611
Guido Rodríguez,MC,Betis,Disponible,100%,100%,2,4.0,5.5,5.0,10.0,10.0,5130.0,0.975
Rodrigo Sanchez,MC,Betis,Disponible,100%,100%,2,4.0,3.0,4.0,8.0,8.0,1380.0,2.899
Ruibal,MC,Betis,Disponible,100%,100%,2,4.0,3.5,4.0,8.0,8.0,1370.0,2.92
Borja Iglesias,DL,Betis,Disponible,100%,100%,2,10.5,13.5,12.5,25.0,25.0,10070.0,1.241
Juanmi,DL,Betis,Disponible,100%,100%,2,11.0,8.0,10.0,20.0,20.0,8500.0,1.176
Loren,DL,Betis,Disponible,0%,100%,2,1.0,2.5,2.0,4.0,4.0,220.0,9.091
Juan Miranda,DF,Betis,Disponible,0%,50%,1,0.0,0.0,0.0,0.0,0.0,260.0,0.0
Akouokou,MC,Betis,Disponible,0%,100%,2,0.0,1.5,1.0,2.0,2.0,150.0,6.667
Édgar Badía,PT,Elche,Disponible,100%,100%,2,6.0,5.0,6.0,12.0,12.0,4090.0,1.467
Bigas,DF,Elche,Disponible,100%,100%,2,4.0,3.0,3.5,7.0,7.0,1170.0,2.991
Enzo Roco,DF,Elche,Disponible,100%,100%,2,2.0,2.0,2.0,4.0,4.0,1310.0,1.527
Helibelton Palacios,DF,Elche,Disponible,50%,50%,1,2.0,4.0,3.0,3.0,3.0,920.0,3.261
Fidel,MC,Elche,Duda próximo partido,50%,50%,1,2.0,1.0,2.0,2.0,2.0,2700.0,0.741
Gumbau,MC,Elche,Disponible,100%,100%,2,2.0,3.5,3.0,6.0,6.0,1380.0,2.174
John Donald,MC,Elche,Disponible,50%,50%,1,-8.0,-6.0,-7.0,-7.0,-7.0,150.0,-46.667
Omar Mascarell,MC,Elche,Disponible,100%,100%,2,4.0,1.5,3.0,6.0,6.0,1800.0,1.667
Pere Milla,DL,Elche,Disponible,50%,100%,2,2.0,3.5,3.0,6.0,6.0,2440.0,1.23
Roger,DL,Elche,Disponible,100%,100%,2,0.0,3.0,2.0,4.0,4.0,2620.0,0.763
Diego González,DF,Elche,Disponible,0%,50%,1,2.0,2.0,2.0,2.0,2.0,200.0,10.0
Tete Morente,DL,Elche,Disponible,50%,100%,2,2.0,1.5,2.0,4.0,4.0,880.0,2.273
Josan,MC,Elche,Disponible,0%,100%,2,1.0,2.0,1.5,3.0,3.0,720.0,2.083
Ezequiel Ponce,DL,Elche,Disponible,50%,100%,2,2.0,3.5,3.0,6.0,6.0,570.0,5.263
Amath,DL,Mallorca,Lesionado,0%,0%,0,0.0,0.0,0.0,0.0,0.0,150.0,0.0
Jordan Amavi,DF,Getafe,Disponible,0%,0%,0,0.0,0.0,0.0,0.0,0.0,2370.0,0.0
Juanjo Nieto,DF,Almería,Lesionado,0%,0%,0,0.0,0.0,0.0,0.0,0.0,150.0,0.0
Verdú,DF,Elche,Lesionado,0%,0%,0,0.0,0.0,0.0,0.0,0.0,250.0,0.0
Javi Hernández,DF,Girona,Disponible,0%,50%,1,2.0,1.0,2.0,2.0,2.0,960.0,2.083
De la Hoz,MC,Almería,Disponible,0%,0%,0,0.0,0.0,0.0,0.0,0.0,1370.0,0.0
Ángel,DL,Mallorca,Lesionado,0%,0%,0,0.0,0.0,0.0,0.0,0.0,660.0,0.0
Grbic,PT,Atlético,Disponible,0%,0%,0,0.0,0.0,0.0,0.0,0.0,170.0,0.0
Damián Suárez,DF,Getafe,Duda próximo partido,0%,0%,0,0.0,0.0,0.0,0.0,0.0,1570.0,0.0
Swedberg,MC,Celta,Disponible,0%,0%,0,0.0,0.0,0.0,0.0,0.0,500.0,0.0
Morcillo,MC,Athletic,Disponible,0%,50%,1,0.0,0.0,0.0,0.0,0.0,150.0,0.0
Oyarzabal,DL,Real Sociedad,Lesionado,0%,0%,0,0.0,0.0,0.0,0.0,0.0,2440.0,0.0
Balenziaga,DF,Athletic,Lesionado,0%,0%,0,0.0,0.0,0.0,0.0,0.0,190.0,0.0
Danjuma,DL,Villarreal,Lesionado,0%,0%,0,0.0,0.0,0.0,0.0,0.0,4400.0,0.0
Canales,MC,Betis,Disponible,0%,0%,0,0.0,0.0,0.0,0.0,0.0,9920.0,0.0
San Emeterio,MC,Cádiz CF,Disponible,0%,50%,1,2.0,4.0,3.0,3.0,3.0,270.0,11.111
Trigueros,MC,Villarreal,Disponible,0%,0%,0,0.0,0.0,0.0,0.0,0.0,1840.0,0.0
Antonio Blanco,MC,Cádiz CF,Disponible,0%,0%,0,0.0,0.0,0.0,0.0,0.0,1120.0,0.0
Carlos Fernández,DL,Real Sociedad,Lesionado,0%,0%,0,0.0,0.0,0.0,0.0,0.0,650.0,0.0
Álex Fernández,MC,Cádiz CF,Disponible,0%,0%,0,0.0,0.0,0.0,0.0,0.0,1560.0,0.0
Bebé,DL,Rayo Vallecano,Disponible,0%,0%,0,0.0,0.0,0.0,0.0,0.0,210.0,0.0
Mario Suárez,MC,Rayo Vallecano,Disponible,0%,50%,1,0.0,2.0,1.0,1.0,1.0,150.0,6.667
Alberto Moreno,DF,Villarreal,Lesionado,0%,0%,0,0.0,0.0,0.0,0.0,0.0,220.0,0.0
Kike Saverio,DL,Osasuna,Lesionado,0%,0%,0,0.0,0.0,0.0,0.0,0.0,150.0,0.0
Strand Larsen,DL,Celta,Disponible,0%,0%,0,0.0,0.0,0.0,0.0,0.0,5250.0,0.0
Ibrahima Kébé,MC,Girona,Lesionado,0%,0%,0,0.0,0.0,0.0,0.0,0.0,150.0,0.0
Sabaly,DF,Betis,Disponible,0%,0%,0,0.0,0.0,0.0,0.0,0.0,1380.0,0.0
Jesús Vallejo,DF,Real Madrid,Lesionado,0%,0%,0,0.0,0.0,0.0,0.0,0.0,210.0,0.0
Leo Baptistão,DL,Almería,Disponible,0%,50%,1,2.0,3.0,3.0,3.0,3.0,2310.0,1.299
Pol Lozano,MC,Espanyol,Duda próximo partido,0%,0%,0,0.0,0.0,0.0,0.0,0.0,150.0,0.0
Santi Comesaña,MC,Rayo Vallecano,Disponible,0%,0%,0,0.0,0.0,0.0,0.0,0.0,2320.0,0.0
Lekue,DF,Athletic,Disponible,0%,0%,0,0.0,0.0,0.0,0.0,0.0,480.0,0.0
Mojica,DF,Villarreal,Disponible,0%,0%,0,0.0,0.0,0.0,0.0,0.0,4290.0,0.0
Brian Ocampo,DL,Cádiz CF,Disponible,0%,0%,0,0.0,0.0,0.0,0.0,0.0,1090.0,0.0
Pol Lirola,DF,Elche,Lesionado,50%,50%,1,2.0,6.0,4.0,4.0,4.0,1480.0,2.703
Franco Russo,DF,Mallorca,Disponible,0%,0%,0,0.0,0.0,0.0,0.0,0.0,180.0,0.0
Umar Sadiq,DL,Real Sociedad,Disponible,0%,0%,0,0.0,0.0,0.0,0.0,0.0,6970.0,0.0
Dani Martín,PT,Betis,Disponible,0%,0%,0,0.0,0.0,0.0,0.0,0.0,150.0,0.0
Fuidias,PT,Girona,Disponible,0%,0%,0,0.0,0.0,0.0,0.0,0.0,150.0,0.0
Gui,MC,Almería,Disponible,0%,0%,0,0.0,0.0,0.0,0.0,0.0,190.0,0.0
Aleix Vidal,DF,Espanyol,Disponible,0%,0%,0,0.0,0.0,0.0,0.0,0.0,260.0,0.0
Dani García,MC,Athletic,Disponible,0%,0%,0,0.0,0.0,0.0,0.0,0.0,650.0,0.0
Merquelanz,DL,Real Sociedad,Lesionado,0%,0%,0,0.0,0.0,0.0,0.0,0.0,150.0,0.0
Odriozola,DF,Real Madrid,Lesionado,0%,0%,0,0.0,0.0,0.0,0.0,0.0,360.0,0.0
Puado,DL,Espanyol,Disponible,0%,50%,1,6.0,2.0,4.0,4.0,4.0,1990.0,2.01
Gayà,DF,Valencia,Disponible,0%,0%,0,0.0,0.0,0.0,0.0,0.0,3110.0,0.0
Pacheco,PT,Almería,Disponible,0%,0%,0,0.0,0.0,0.0,0.0,0.0,1410.0,0.0
Paulo Gazzaniga,PT,Girona,Disponible,0%,0%,0,0.0,0.0,0.0,0.0,0.0,1200.0,0.0
Iván Martos,DF,Almería,Lesionado,0%,0%,0,0.0,0.0,0.0,0.0,0.0,150.0,0.0
Weissman,DL,Real Valladolid,Disponible en observación,0%,0%,0,0.0,0.0,0.0,0.0,0.0,1740.0,0.0
Cavani,DL,Valencia,Disponible,0%,0%,0,0.0,0.0,0.0,0.0,0.0,7610.0,0.0
Willian José,DL,Betis,Disponible,0%,0%,0,0.0,0.0,0.0,0.0,0.0,1590.0,0.0
Carvajal,DF,Real Madrid,Disponible,50%,50%,1,2.0,3.0,3.0,3.0,3.0,3780.0,0.794
Feddal,DF,Real Valladolid,Disponible en observación,0%,0%,0,0.0,0.0,0.0,0.0,0.0,1650.0,0.0
Justin Kluivert,DL,Valencia,Disponible,0%,0%,0,0.0,0.0,0.0,0.0,0.0,4590.0,0.0
Robert Navarro,MC,Real Sociedad,Disponible,0%,50%,1,2.0,2.0,2.0,2.0,2.0,150.0,13.333
De Tomás,DL,Espanyol,Duda próximo partido,0%,0%,0,0.0,0.0,0.0,0.0,0.0,6460.0,0.0
Braithwaite,DL,Espanyol,Disponible,0%,0%,0,0.0,0.0,0.0,0.0,0.0,780.0,0.0
Beñat Turrientes,MC,Real Sociedad,Disponible,0%,50%,1,2.0,3.0,3.0,3.0,3.0,150.0,20.0
Keidi Bare,MC,Espanyol,Disponible,0%,50%,1,2.0,4.0,3.0,3.0,3.0,620.0,4.839
Roberto Torres,MC,Osasuna,Disponible,0%,50%,1,0.0,3.0,2.0,2.0,2.0,520.0,3.846
Marcos André,DL,Valencia,Disponible,0%,50%,1,2.0,3.0,3.0,3.0,3.0,1820.0,1.648
Lass,MC,Rayo Vallecano,Disponible,0%,0%,0,0.0,0.0,0.0,0.0,0.0,150.0,0.0
Pozo,DF,Almería,Disponible,0%,0%,0,0.0,0.0,0.0,0.0,0.0,1960.0,0.0
Pjanic,MC,Barcelona,Disponible,0%,0%,0,0.0,0.0,0.0,0.0,0.0,520.0,0.0
Anuar,MC,Real Valladolid,Disponible,50%,50%,1,10.0,14.0,12.0,12.0,12.0,1430.0,8.392
Guardado,MC,Betis,Disponible,0%,0%,0,0.0,0.0,0.0,0.0,0.0,220.0,0.0
Morlanes,MC,Villarreal,Disponible,0%,0%,0,0.0,0.0,0.0,0.0,0.0,260.0,0.0
Andoni Zubiaurre,PT,Real Sociedad,Disponible,0%,0%,0,0.0,0.0,0.0,0.0,0.0,150.0,0.0
Pedrosa,DF,Espanyol,Lesionado,0%,0%,0,0.0,0.0,0.0,0.0,0.0,1160.0,0.0
Bongonda,DL,Cádiz CF,Disponible,0%,0%,0,0.0,0.0,0.0,0.0,0.0,2450.0,0.0
Sobrino,DL,Cádiz CF,Disponible,0%,0%,0,0.0,0.0,0.0,0.0,0.0,610.0,0.0
Dolberg,DL,Sevilla,Disponible,0%,0%,0,0.0,0.0,0.0,0.0,0.0,3100.0,0.0
Isco,MC,Sevilla,Disponible,0%,50%,1,2.0,3.0,3.0,3.0,3.0,4090.0,0.733
Garrido,MC,Cádiz CF,Lesionado,0%,0%,0,0.0,0.0,0.0,0.0,0.0,150.0,0.0
Denis Suárez,MC,Celta,Disponible,0%,0%,0,0.0,0.0,0.0,0.0,0.0,1500.0,0.0
Ruiz de Galarreta,MC,Mallorca,Disponible,0%,0%,0,0.0,0.0,0.0,0.0,0.0,300.0,0.0
Matija Nastasić,DF,Mallorca,Disponible,0%,0%,0,0.0,0.0,0.0,0.0,0.0,1510.0,0.0
Oriol Romeu,MC,Girona,Disponible,0%,0%,0,0.0,0.0,0.0,0.0,0.0,2990.0,0.0
Martin Svidersky,DF,Almería,Disponible,0%,0%,0,0.0,0.0,0.0,0.0,0.0,150.0,0.0
Marko Milovanović,DL,Almería,Disponible,0%,0%,0,0.0,0.0,0.0,0.0,0.0,240.0,0.0
Borja García,MC,Girona,Lesionado,0%,0%,0,0.0,0.0,0.0,0.0,0.0,300.0,0.0
Jon Pacheco,DF,Real Sociedad,Disponible,0%,0%,0,0.0,0.0,0.0,0.0,0.0,150.0,0.0
Cenk Özkacar,DF,Valencia,Disponible,0%,0%,0,0.0,0.0,0.0,0.0,0.0,430.0,0.0
Alex Sola,DF,Real Sociedad,Disponible,0%,0%,0,0.0,0.0,0.0,0.0,0.0,440.0,0.0
Andrés Martín,DL,Rayo Vallecano,Lesionado,0%,0%,0,0.0,0.0,0.0,0.0,0.0,150.0,0.0
Diego López,PT,Rayo Vallecano,Duda próximo partido,0%,0%,0,0.0,0.0,0.0,0.0,0.0,1710.0,0.0
Giovanni González,DF,Mallorca,Disponible,0%,0%,0,0.0,0.0,0.0,0.0,0.0,150.0,0.0
Randy Nteka,DL,Rayo Vallecano,Disponible,0%,50%,1,0.0,4.0,2.0,2.0,2.0,400.0,5.0
Guevara,MC,Real Sociedad,Disponible en observación,0%,0%,0,0.0,0.0,0.0,0.0,0.0,170.0,0.0
Guardiola,DL,Real Valladolid,Disponible,50%,50%,1,2.0,3.0,3.0,3.0,3.0,1220.0,2.459
Carlos Dominguez,DF,Celta,Disponible,0%,0%,0,0.0,0.0,0.0,0.0,0.0,150.0,0.0
Joan Garcia,PT,Espanyol,Disponible,0%,0%,0,0.0,0.0,0.0,0.0,0.0,150.0,0.0
Werner,PT,Elche,Disponible,0%,0%,0,0.0,0.0,0.0,0.0,0.0,180.0,0.0
Aitor Fernández,PT,Osasuna,Disponible,0%,0%,0,0.0,0.0,0.0,0.0,0.0,720.0,0.0
Kenedy,MC,Real Valladolid,Disponible,0%,0%,0,0.0,0.0,0.0,0.0,0.0,1670.0,0.0
Abdul Mumin,DF,Rayo Vallecano,Disponible,0%,0%,0,0.0,0.0,0.0,0.0,0.0,1190.0,0.0
Pastore,MC,Elche,Disponible,0%,50%,1,0.0,1.0,1.0,1.0,1.0,200.0,5.0
Gorosabel,DF,Real Sociedad,Disponible,0%,50%,1,2.0,2.0,2.0,2.0,2.0,1700.0,1.176
Rubén Alcaraz,MC,Cádiz CF,Lesionado,0%,0%,0,0.0,0.0,0.0,0.0,0.0,820.0,0.0
André Almeida,MC,Valencia,Disponible,0%,0%,0,0.0,0.0,0.0,0.0,0.0,2040.0,0.0
Luis Milla,MC,Getafe,Lesionado,0%,0%,0,0.0,0.0,0.0,0.0,0.0,3930.0,0.0
Tino Kadewere,DL,Mallorca,Disponible,0%,0%,0,0.0,0.0,0.0,0.0,0.0,1700.0,0.0
Pep Chavarría,DF,Rayo Vallecano,Disponible,0%,0%,0,0.0,0.0,0.0,0.0,0.0,1120.0,0.0
Álvaro Fernández,PT,Espanyol,Disponible,0%,0%,0,0.0,0.0,0.0,0.0,0.0,2060.0,0.0
Ferran Torres,DL,Barcelona,Disponible,50%,50%,1,2.0,3.0,3.0,3.0,3.0,3280.0,0.915
Mariano,DL,Real Madrid,Disponible,0%,0%,0,0.0,0.0,0.0,0.0,0.0,510.0,0.0
Miguel Ángel Morro,PT,Rayo Vallecano,Disponible,0%,0%,0,0.0,0.0,0.0,0.0,0.0,150.0,0.0
Asensio,DL,Real Madrid,Disponible,0%,50%,1,0.0,3.0,2.0,2.0,2.0,1420.0,1.408
Cristian Rivero,PT,Valencia,Disponible,0%,0%,0,0.0,0.0,0.0,0.0,0.0,150.0,0.0
Ander Iru,PT,Athletic,Disponible,0%,0%,0,0.0,0.0,0.0,0.0,0.0,150.0,0.0
Budimir,DL,Osasuna,Disponible,50%,50%,1,6.0,5.0,6.0,6.0,6.0,2970.0,2.02
Camarasa,MC,Betis,Lesionado,0%,0%,0,0.0,0.0,0.0,0.0,0.0,150.0,0.0
Aridane Hernández,DF,Osasuna,Disponible,0%,0%,0,0.0,0.0,0.0,0.0,0.0,1380.0,0.0
Embarba,MC,Almería,Disponible,0%,0%,0,0.0,0.0,0.0,0.0,0.0,1650.0,0.0
Iván Villar,PT,Celta,Disponible,0%,0%,0,0.0,0.0,0.0,0.0,0.0,330.0,0.0
Óliver Torres,MC,Sevilla,Disponible,50%,50%,1,2.0,6.0,4.0,4.0,4.0,1260.0,3.175
Saveljich,DF,Rayo Vallecano,Disponible en observación,0%,0%,0,0.0,0.0,0.0,0.0,0.0,450.0,0.0
Rodrygo,DL,Real Madrid,Disponible,0%,0%,0,0.0,0.0,0.0,0.0,0.0,4970.0,0.0
Hermoso,DF,Atlético,Disponible,0%,0%,0,0.0,0.0,0.0,0.0,0.0,510.0,0.0
Reguilón,DF,Atlético,Lesionado,0%,0%,0,0.0,0.0,0.0,0.0,0.0,3810.0,0.0
Koundé,DF,Barcelona,Disponible,0%,0%,0,0.0,0.0,0.0,0.0,0.0,7370.0,0.0
Leo Román,PT,Mallorca,Disponible,0%,0%,0,0.0,0.0,0.0,0.0,0.0,160.0,0.0
Kiko Femenía,DF,Villarreal,Disponible,0%,0%,0,0.0,0.0,0.0,0.0,0.0,1160.0,0.0
Melero,MC,Almería,Disponible,0%,0%,0,0.0,0.0,0.0,0.0,0.0,1630.0,0.0
Braian Cufré,DF,Mallorca,Disponible,0%,0%,0,0.0,0.0,0.0,0.0,0.0,200.0,0.0
Masip,PT,Real Valladolid,Disponible,0%,0%,0,0.0,0.0,0.0,0.0,0.0,1110.0,0.0
Toni Villa,MC,Girona,Disponible,0%,0%,0,0.0,0.0,0.0,0.0,0.0,1320.0,0.0
Dani Gómez,DL,Espanyol,Disponible,0%,0%,0,0.0,0.0,0.0,0.0,0.0,1180.0,0.0
Alejandro Balde,DF,Barcelona,Disponible,50%,50%,1,6.0,5.0,6.0,6.0,6.0,2470.0,2.429
Kondogbia,MC,Atlético,Disponible,0%,0%,0,0.0,0.0,0.0,0.0,0.0,1770.0,0.0
Clerc,DF,Elche,Disponible,0%,0%,0,0.0,0.0,0.0,0.0,0.0,380.0,0.0
Víctor Ruiz,DF,Betis,Disponible,0%,0%,0,0.0,0.0,0.0,0.0,0.0,180.0,0.0
Joaquín,MC,Betis,Disponible,0%,0%,0,0.0,0.0,0.0,0.0,0.0,320.0,0.0
Dmitrovic,PT,Sevilla,Disponible,0%,0%,0,0.0,0.0,0.0,0.0,0.0,250.0,0.0
Januzaj,MC,Sevilla,Disponible,0%,0%,0,0.0,0.0,0.0,0.0,0.0,2660.0,0.0
Javi Sánchez,DF,Real Valladolid,Disponible,50%,50%,1,2.0,5.0,4.0,4.0,4.0,400.0,10.0
Rubén Sánchez,MC,Espanyol,Disponible,50%,50%,1,2.0,6.0,4.0,4.0,4.0,2270.0,1.762
Domingos Quina,MC,Elche,Disponible,0%,50%,1,2.0,4.0,3.0,3.0,3.0,520.0,5.769
Iñigo Martínez,DF,Athletic,Disponible en observación,0%,0%,0,0.0,0.0,0.0,0.0,0.0,3900.0,0.0
Ander Herrera,MC,Athletic,Disponible,0%,0%,0,0.0,0.0,0.0,0.0,0.0,4380.0,0.0
José Carlos Lazo,DL,Espanyol,Disponible,0%,0%,0,0.0,0.0,0.0,0.0,0.0,270.0,0.0
Montiel,DF,Sevilla,Disponible,50%,50%,1,2.0,2.0,2.0,2.0,2.0,590.0,3.39
Ez Abde,DL,Osasuna,Disponible,0%,0%,0,0.0,0.0,0.0,0.0,0.0,1550.0,0.0
Houboulang Mendes,DF,Almería,Disponible,0%,0%,0,0.0,0.0,0.0,0.0,0.0,270.0,0.0
Munir,DL,Getafe,Disponible,0%,0%,0,0.0,0.0,0.0,0.0,0.0,680.0,0.0
Omar Alderete,DF,Getafe,Duda próximo partido,0%,0%,0,0.0,0.0,0.0,0.0,0.0,1490.0,0.0
Jorge Cuenca,DF,Villarreal,Disponible,0%,0%,0,0.0,0.0,0.0,0.0,0.0,580.0,0.0
Manu Vallejo,DL,Girona,Disponible,0%,0%,0,0.0,0.0,0.0,0.0,0.0,230.0,0.0
Diego Conde,PT,Getafe,Disponible,0%,0%,0,0.0,0.0,0.0,0.0,0.0,150.0,0.0
Lo Celso,MC,Villarreal,Disponible,50%,50%,1,6.0,3.0,5.0,5.0,5.0,6690.0,0.747
Bellerín,DF,Barcelona,Disponible,0%,0%,0,0.0,0.0,0.0,0.0,0.0,1700.0,0.0
Álvaro Bastida,MC,Cádiz CF,Disponible,0%,0%,0,0.0,0.0,0.0,0.0,0.0,150.0,0.0
David Gil,PT,Cádiz CF,Disponible,0%,0%,0,0.0,0.0,0.0,0.0,0.0,150.0,0.0
Reinier,MC,Girona,Disponible,0%,50%,1,2.0,2.0,2.0,2.0,2.0,1510.0,1.325
Iñaki Peña,PT,Barcelona,Disponible,0%,0%,0,0.0,0.0,0.0,0.0,0.0,160.0,0.0
Rubén García,MC,Osasuna,Disponible,0%,50%,1,2.0,3.0,3.0,3.0,3.0,2650.0,1.132
Casilla,PT,Getafe,Disponible,0%,0%,0,0.0,0.0,0.0,0.0,0.0,270.0,0.0
Narvaez,MC,Real Valladolid,Disponible,0%,0%,0,0.0,0.0,0.0,0.0,0.0,1670.0,0.0
Lucas Boyé,DL,Elche,Disponible,0%,50%,1,2.0,4.0,3.0,3.0,3.0,3600.0,0.833
Rubén Iranzo,DF,Valencia,Disponible,0%,0%,0,0.0,0.0,0.0,0.0,0.0,150.0,0.0
Luiz Felipe,DF,Betis,Disponible,0%,0%,0,0.0,0.0,0.0,0.0,0.0,3070.0,0.0
Kevin Vázquez,DF,Celta,Disponible,0%,0%,0,0.0,0.0,0.0,0.0,0.0,180.0,0.0
El Bilal Touré,DL,Almería,Disponible,0%,0%,0,0.0,0.0,0.0,0.0,0.0,550.0,0.0
Memphis Depay,DL,Barcelona,Disponible,0%,0%,0,0.0,0.0,0.0,0.0,0.0,1510.0,0.0
Alexander Sørloth,DL,Real Sociedad,Disponible,0%,0%,0,0.0,0.0,0.0,0.0,0.0,2960.0,0.0
Álex Centelles,DF,Almería,Lesionado,0%,50%,1,-6.0,0.0,-3.0,-3.0,-3.0,190.0,-15.789
Capa,DF,Athletic,Disponible,0%,50%,1,0.0,0.0,0.0,0.0,0.0,330.0,0.0
Iván Martín,MC,Girona,Lesionado,0%,0%,0,0.0,0.0,0.0,0.0,0.0,150.0,0.0
Luca de la Torre,MC,Celta,Disponible,0%,50%,1,0.0,3.0,2.0,2.0,2.0,960.0,2.083
Raúl Guti,MC,Elche,Disponible,0%,0%,0,0.0,0.0,0.0,0.0,0.0,960.0,0.0
Luiz Henrique,DL,Betis,Disponible,0%,0%,0,0.0,0.0,0.0,0.0,0.0,3310.0,0.0
Pablo Torre,MC,Barcelona,Disponible,0%,0%,0,0.0,0.0,0.0,0.0,0.0,510.0,0.0
Tanguy Nianzou,DF,Sevilla,Disponible,50%,50%,1,2.0,4.0,3.0,3.0,3.0,2780.0,1.079
Bernardo,DF,Girona,Disponible,0%,0%,0,0.0,0.0,0.0,0.0,0.0,1210.0,0.0
Ilaix Moriba,MC,Valencia,Disponible,0%,0%,0,0.0,0.0,0.0,0.0,0.0,820.0,0.0
Felipe,DF,Atlético,Disponible,0%,0%,0,0.0,0.0,0.0,0.0,0.0,270.0,0.0
Jon Karrikaburu,DL,Real Sociedad,Disponible,0%,0%,0,0.0,0.0,0.0,0.0,0.0,780.0,0.0
Piqué,DF,Barcelona,Disponible,0%,0%,0,0.0,0.0,0.0,0.0,0.0,1560.0,0.0
Marcão,DF,Sevilla,Lesionado,0%,0%,0,0.0,0.0,0.0,0.0,0.0,2040.0,0.0
Suso,DL,Sevilla,Disponible,0%,0%,0,0.0,0.0,0.0,0.0,0.0,1060.0,0.0
Juanmi Latasa,DL,Getafe,Disponible,0%,0%,0,0.0,0.0,0.0,0.0,0.0,400.0,0.0
Momo Mbaye,DF,Cádiz CF,Disponible,0%,0%,0,0.0,0.0,0.0,0.0,0.0,150.0,0.0
Lázaro,DL,Almería,Disponible,0%,0%,0,0.0,0.0,0.0,0.0,0.0,1890.0,0.0
Lunin,PT,Real Madrid,Disponible,0%,0%,0,0.0,0.0,0.0,0.0,0.0,200.0,0.0
Álex Collado,MC,Elche,Disponible,50%,50%,1,14.0,8.0,11.0,11.0,11.0,3560.0,3.09
Dominik Greif,PT,Mallorca,Lesionado,0%,0%,0,0.0,0.0,0.0,0.0,0.0,150.0,0.0
Pepe Reina,PT,Villarreal,Disponible,0%,0%,0,0.0,0.0,0.0,0.0,0.0,510.0,0.0
Mario Hernández,DF,Rayo Vallecano,Disponible,0%,0%,0,0.0,0.0,0.0,0.0,0.0,150.0,0.0
Federico Fernández,DF,Elche,Disponible,0%,0%,0,0.0,0.0,0.0,0.0,0.0,1330.0,0.0
Vencedor,MC,Athletic,Disponible,0%,50%,1,2.0,2.0,2.0,2.0,2.0,1430.0,1.399
Montoya,DF,Betis,Lesionado,0%,0%,0,0.0,0.0,0.0,0.0,0.0,150.0,0.0
Agirrezabala,PT,Athletic,Duda próximo partido,0%,0%,0,0.0,0.0,0.0,0.0,0.0,160.0,0.0
Giménez,DF,Atlético,Disponible,0%,50%,1,2.0,2.0,2.0,2.0,2.0,2970.0,0.673
Nico Fernández,DF,Elche,Disponible,0%,0%,0,0.0,0.0,0.0,0.0,0.0,640.0,0.0
Gastón Álvarez,DF,Getafe,Disponible,0%,0%,0,0.0,0.0,0.0,0.0,0.0,210.0,0.0
Cala,DF,Cádiz CF,Disponible,0%,0%,0,0.0,0.0,0.0,0.0,0.0,150.0,0.0
Gabriel Paulista,DF,Valencia,Disponible en observación,50%,50%,1,6.0,5.0,6.0,6.0,6.0,2940.0,2.041
Bravo,PT,Betis,Disponible,0%,0%,0,0.0,0.0,0.0,0.0,0.0,820.0,0.0
Malsa,MC,Real Valladolid,Duda próximo partido,0%,0%,0,0.0,0.0,0.0,0.0,0.0,270.0,0.0
Juan Pérez,PT,Osasuna,Disponible,0%,0%,0,0.0,0.0,0.0,0.0,0.0,150.0,0.0
Jordán,MC,Sevilla,Disponible,50%,50%,1,2.0,4.0,3.0,3.0,3.0,2690.0,1.115
Iza,DF,Cádiz CF,Disponible,0%,0%,0,0.0,0.0,0.0,0.0,0.0,250.0,0.0
Jaume Doménech,PT,Valencia,Disponible,0%,0%,0,0.0,0.0,0.0,0.0,0.0,170.0,0.0
Militão,DF,Real Madrid,Disponible,50%,50%,1,2.0,2.0,2.0,2.0,2.0,6650.0,0.301
Álvaro Giménez,DL,Cádiz CF,Disponible,0%,0%,0,0.0,0.0,0.0,0.0,0.0,150.0,0.0
